{"file_hashes":[{"block_hashes":["DXCNjoBpGNWh8QCjqv1CSHzSsZ05EVdfcOA7AvFXSCo=","K2+tayyO3YzjgpbcBNjJsuc0o6TLRHB2R6ojSK05cxQ=","GnfnGs1QBqhqmOdO9P/2F0xY7T2Ah2nZ2JAZEUP9h84=","Yjau/pfJtfdZFZ5J1HjesfDcoo4kyKIWMmVc2ZWEvS8=","hCglZj2L74Z4cK1H08VXoxcc+MiAujR+8ffFLUE1Npg=","I48xdz9GDBQqDB8cTpwGpcJmcaZTOmLuyJf9xDJofns="],"block_size":4096,"path":"doc/multiple-es-head-bookmarks.png"},{"block_hashes":["5HbHhVJiWpDKz6zyPOUXPETvzDgrOdaEE+nFom45Qiw=","VnciCKgo2hJ2KBzOiATZYsWXTlcDDTdzsZ8/GM3G2q4=","D/JQLruQwhwymt9LTeJ1n4WOWVqlmTJPz/BKmhss0bo=","9iKpLiQqw7kkr4Whul5fVx+wt9ngJXrGxd/p7lSFbaw="],"block_size":4096,"path":"elasticsearch-head/app.css"},{"block_hashes":["aSQiDII7g+w//HoUWx4HJXHzv0wEMVZc5W2cmnEtihU=","K1qXdFRxwOru0DILpb95kbBM990B2A5Icyh1BCc+wvQ=","f9s1Lx1fqyhsEONW9qwdbBtMnCJofFFXGsSj1p0k9v0=","qYboKCriOsfxnN5VPVvwtlLAyjz1UI4tvar1dfxTYlQ=","3tfCPWXgqOwVWOVvb7FQOrLK/AeaegHbmYE6eoZQII4=","KwZAza0cR/+W/GQBMfC2b3tHvrAnglr+3kdpIEdPDrE=","1bDPxjnJ/kbvRFFaWpZVpNOEXoLmG1FmGCVo/DcTEMY=","uHlfiPoK7sCREphCYYQHQf/OQE21vrJQ0NkDPOnX4GA=","C728nqnCjFBmOSAtjfcEGuUFFVr4LWvAIPdmyf5OEC0=","tWuWKZ5bNQS9Nl+SRv6Jn29fhcDvy7KVFkNtCDuTZO8=","v68sQbgPEXjp7u/qDT++S9YkPLzMm5kCf74F/RA68L4=","Ok1BPx+XONPPNUFHO25KbykHWzoO0fptQ8YHwGGZhEA=","644P7GfGKDbIRGzVd9GzVd8tNSqsR6r6XgyVsb5JtUg=","PN7sKWnCIIU8wiw35/m23T8Ju5Id9sGyF/DJt3AiusE=","VWCKW3gURny3b4GGWyCTh+xSUIledzAu5BewY9SN9kc=","jRHTQKorXwuXAOFeg5pkF4G8usszXfTMqbzL3vLiOBY=","icNXwO73raJR9p7BvCpksUcnNcLzgjhybqtaHY36L98=","W+qNz/R04bGHwwZmFWBPPcCaVFyTcIOBO+dUdEMI8dY=","Zcn9TokJe3cpEgV+b8eON3clH4MoP7222QIv9FPYxbY=","rFs13ubrHaHnRrjgmPtrqaP+6GWR60yT3C8RQQCagBs=","RxlPDteQVXyvqN8NWms19o8yyIdKfrueV1ai1aigTVI=","auQ5gIKi1cIHREtDdxOXHdaIMAmZSoHmxsmmXOZ4t5M=","TvsnqAkHDSt+iJeWj0tcU980U0bwoAlUqWyUs9XGbAE=","9X15DHrmuBvCxXN9oG4GJwZj10wVKkIvpc9GQVAGS48=","L6jvgcpXK9sSWTDOke0o4DNzQ8Zkn5uBVQOjAnyofdE=","tJx1ogFA98/uxpKQMMPBh7YlApbipjHbXuOtbP8RTa0=","QZjLwW/zl7jlBhqQ+Ol45LMsTikyVjEjju/ZjyR1Zys=","AXZXrlbBRGLLLDVwfxQSEfNem8wUsFNUYomJqOpAttc=","dGuNONVdz3nrIPIwvEWFCCiHq//T6C8Uv4OquPqGRMU=","OET51MjRU+gIv7on94lDn6BayDyJ14h7/vygGTAxYqM=","jjpmc8POWJ/y/FqGhwDVCKAnecaBZNvp6Rr9J5PaqG4=","IYBt8GAsGUW40uO3FqXZjAHCi/fs3qTU1OaJCwzMVbM=","5piQILMHiJUOteOIMtoJoKNz/PoMJEw1ZF+Sb1xDWxU=","gJLDZHib07dOiAv5zjRQmJbBFK0K5vgKWKcKCmVS2uI=","wrcnMgxbRryiAh2RHegl+oVWCA6VVen59LL++YVXd88=","nloZZm8pilk9z6NQCZMDIUcsTDEXI/MEXdiM4nm+mkQ=","yobKdvIBf2gzghdg0U6hVKYmiC17kVvtEB8PtHmKJTQ="],"block_size":4096,"path":"elasticsearch-head/app.js"},{"block_hashes":["Yvi2OoMu1FMcMm6qh2Pa6J+EtLBVJugLCiYKUWkvub0="],"block_size":4096,"path":"elasticsearch-head/base/favicon.png"},{"block_hashes":["yRJtsu6eeuCDQyNOhy0yqY1ck1/tdBO31O2HWF7BAOA="],"block_size":4096,"path":"elasticsearch-head/base/loading.gif"},{"block_hashes":["oyQ2eRSb89IYOWWBw7hIxx5A1vNqPdJCGb1SLlT/M84="],"block_size":4096,"path":"elasticsearch-head/base/reset.css"},{"block_hashes":["h9rMnPnk5VhfnK2zeOkMjojXXeyjnot0w4YhnBmjzTI=","WfIxSN3tJ41eSseeMLF30jdjn9y2suPf0DELH9F1Yf8=","Y7Z7XSU9si8xNut0uCFqyV7I8aIvdwPhJBmMxy+RfQA=","yaWakJRVXZ6TRyj0/J+fkXuZd5znD5xCJMoInIlrDDQ=","6FlWmWZwDhSxuJgxhku0QNgnn7HwfeX6CNU2Wmmoy3g=","6k6fXlR2Msx/VRk1Qjo8+GOvgut2TiQ4iwd37m6t8OU=","PqRnrjeimvsKaRrCjxkRV/8Ua3P1v67SN03/KZChoJY=","xrRndAvwtB8uOoxTs9y+Bcq6sifAjgC3sO0d2uFtlyg=","nmV3rU8R6WcRB2YIv3BsF9RW8tv6KKtsHCHJQ4wh548=","UcDCbGISQVGtyF2cAZ8YgTM3Ljw2+PaOG/8CyFTLMHw="],"block_size":4096,"path":"elasticsearch-head/fonts/fontawesome-webfont.eot"},{"block_hashes":["8HdjOwwthix9BZMSMMI/M+v7XzpTV2asHMnGdjsjuwg=","xEmdftw8YAidiLhDMF3DBYySp05WpNcvSRbeJeWekBs=","yexr2Zeq0mvb8bwYiq1YtBJWEFsWwFvwwkvIEpy0ZCQ=","v0rvyRDHrYAo6fKXtomLxAptxnhYDxdkHflXBnPtnwI=","zJWqSJHEPzAiIZFaMHqdz4+q40MUB10okGVrzQDVcbw=","xCBtH3j1gZt0CJ/nb5FH/UzS2TxqFnPhmat7TfPRxq0=","31nZ4ysz0MWt5q1S8kr/IkIzgeWq+rm3P+o7DPvlcCA=","hTTuNOAkUTuTNDcNOxmYxtT1TzcU+UTeFXr3QkhcvuQ=","uxkWMcD/t49z0yZwxzLnBdfzu2yGFvDrZ8I4UOmEwxk=","mzgSTV/E8+L9xhhXysTD9N31SWAuS99UR0JfAItwQcQ=","CwjpoLHYDFTjrxA+yt7j0mR/r8Dg4qAGC9LENUuOgrc=","M36c75s6FeCjR976ykOKktve3azlG7hN658JqFHTyUo=","ytRZdRV5GKR0OA8l6fe/trrM7ypMB3PB0mDgwpHA9Mw=","bFM0udof/Pt1pSrbLT3Qu8xM2oy6FQS8mUQYW6W0K3c=","lR/yonhovUyAst/kelY8Dl851W8taM0FTN0gDzg53fY=","iFp2hya0g7Dv8FotNlMV/AAAsUlC08UK249X1xZ9WXY=","y6gRab4Yt57LP/mRMGnYKRfKZQ4nFkfI4kFeOOeDouI=","dS2Xwr5oFQMONrpfWwZ6/+MZ+DEunAMSAfRtatVaOJo=","IHSUu/2bizp407juHlH+N6Cx9XHeFTm7clf61P59fa4=","j65vDEgNkBOpNk/7Y3ZDgNl+RvsV3MO6QYx8lBywHcI=","+u+8SzXvexT5EmZf4VqTm8d6IiEDn/ApoTRqnOYaO20=","ypA9IHXyTH9oyJ1oQb1MlIe5pnxKVFHrnjDmXsncTro=","XYhvbBu6BX8or5wMPYwniEEQl8gP/0JOIEHPUIS+gNM=","9I3fabe16yoIJDEkqH/1fQM5i8O481aknTIR1KmJpoo=","BZAarKpJuGlTZ18euoDJZKXyeN7hgYiA5f3xN9kHueo=","5K3+ekA3lXd5lrUCqswrR2Dv6BQBichV1rN6Dt6dSH0=","PS+PC6DymxYXOWJ5TQk2zJMrRTdb/7CDqcVImyrIIDQ=","4vRVQgfAAwf28mp4dcIiQFMhxvkN1e8xEOi7WvYL3gg=","BlTn5+w9GxiEL/DmfrBkYvN9NzwKOxy6S4IUCDGYqHA=","Mgfyn9wBxC8qb1VOnJSowG4iV9yIkA92v4OlFqHUvKs=","ohUqKD4fxDktQ27LZlfDN7cbKUg/OvI7jKykssuc64M=","r2kE/kNG7/THqgWrSdFJ+hAKIKRwj/JHv4vj8/W/Pr0=","7x7nlf/rn/wTL0LoBP6cLakBNhZ6JqH1HSgyA342b4I=","Ga4h6o1HGZQPxfjpE2oYfSWb1LlkzT62Cw1YxNV19b8=","dDKpVirU0nK4i2jQJQi+yvajbKYgeNKsDtwIfxnJ8q0=","+RuedyNU+mpyByXN7yY1Z3MPeOcuLY+j2xFBI1jpz/w=","xNq31Caf39lZ0zWA/D0vqYMhucIB65xaXcPGWz2Ucps=","o87otef8PM/9FW+n5Vqlp0QzXyUwN+lJRgEiSQTT0ng=","/xY6Og6rg7QJrrbygAwjVvU1PZkKg/K7N1WhkMzh0A0=","hphk2XFjy6DpIWH9RSJjPbyrfXDdRR+vX/z6u2LKA0k=","CYLKsUGepp9hwepOKAORGtCFzBOMLBVhqVGrhjl+8T0=","5Bn2EqETwgQ2QDSoyPFhC+lshzWi94Dbk4YQPOMluaY=","Yz12BUODnX0iDwASE8AcxtUEYI43wElSsejMuVzp1OI=","XsyR1Dc1I7XB12Ya7QHWVEc56ffUfK8IbHcRiE8KYHs=","0NsYquu30LS8KP5PnEoqkZVBjtL5l0Q/O+wUp8grO4o=","t0qya+rZcXVejatgVNMfn70xLiUuLimd02QZmcBaRLA=","grgcU610uJmQi3gLAIRCCOxaPRp7Z3FayLJRwPsUTRc=","WPaDhqgLHHar6bfCjgXfGqbKH+f9vHyoMuL2Q/xX4RM=","3i6OksSFyUdlOV6TRmFwuIJOc42mHWQYBH63cnhchoY=","/kONXeMhWa4aXFESJlYLLIwrBXMk8/VC4cA3rMveiFw="],"block_size":4096,"path":"elasticsearch-head/fonts/fontawesome-webfont.svg"},{"block_hashes":["qiSWWMpqRtSocK385znnMJPeLfgqD2sx0al6McxyW74=","FaE0OGqi5tWgDLAlJvOOqoQjbKgSdb/yOZQIQfFF+gc=","OONmabmiHfkBsqKJaaEN/uZ10afNiPdSphBgjxRSp3Y=","RndRwEIcASw4vzNwiRBFvoeGpw30c/AOZJjpVUDEoNM=","5yhawMz831gAp5bNj3QvMyFneob3d3KoJ2ekP0aP8gM=","0SsVB+uxQq7iDO+kvwEonmni3HSOPS3t2MC3bG99tiQ=","6HXIqC63aqwcAXhnBuOckKtleAH95+79I1UP4cWpi4Y=","6lPM3WU+RHXvegd+4ud6lpu1aJCFBQv7IM4NLOcSMIc=","wQrjeyQ3W33QQ4re+tnqsM7YQc1iOkP2KbTe2LQ00QI=","IdK7bc3+uNEmmAK1qVTOqRNV2iwmcRA7tUw9z+0BVDo=","B4jEMxF1GF6zVpSQP4bMrn8sy44SlZ3o1iKPRgtuDHc=","iToTJfMboWwzf/wEipPLonQsSkS6bYWwYArznDCjvoI=","k9SsLcZgMVecWswcTiaQNMrpO7YPfQL4kp2ckaJ9x5U=","CDjYOBhK0sVyT4BGcukIsVnsHxiAk5cGQa0U0Xtu4rs=","mdqpCgJvR/dEELQThf5FpuGJDWJJDECVO5zMXaMr9mI=","Vhq1Ojls6nN/amqkdkdplmTErIimzZDKR9MuC6zgkdw=","Vs7NAtGzj9knPM9Zgd9J4JRpQVts9c3ccjHXrIRx47g=","tRMdBUr9bBRs4QpjviQtz9N/YHxAbDcm0cyj/u8Wrro=","uhgYXtjBi7ai46i0EsvDl5T9zbobFHPG2u8CTAHta0U=","QEQpbSvIVzyYmr6cwtPlmiwYH57xgqsBMUcofqpMZsw="],"block_size":4096,"path":"elasticsearch-head/fonts/fontawesome-webfont.ttf"},{"block_hashes":["5PSJoTpP24cIrmH2saR8K3CkAPrSoA0ByvZ+35Kv/aw=","EgQJsZEkRfZSehmjWmYbFrXwOyZ31ZTbiselNMvj/R0=","KkdH/wNOpPkg1Fx/HTSXJ3oy+zVHcqPP3UBkb7xwBrw=","/cKtv6IMA4SJgwUTyubrGtwhzV2b6vj+y3YA+twqPjA=","fIzepTWmhCVxrKru+U8c6WbTSWTTRaN8TG32yuyfmQQ=","bQL+L0ayaSPCNzV58QNqreM7yVwtPfPtobisYnlDX3g=","JWFEz5tsY0yoYT1IkMrg6cX7NB4zHTv1pGCXTpq8brU=","rkAK1VwTxG085nwUf0+lktr3CpOgefYS04KSUTEi6eQ=","83X8bBdfBQeX+Ppro8MPkzwH2rWj0lFylQKdxIwXA7I=","kMW6PjBTOPou/+tkfpSogKxlVE+T7BUFJcqgSbuSics=","8M/huyazJrjVkdLu2XCW5YIAx++6LwDJ5HAfAiAHmrE="],"block_size":4096,"path":"elasticsearch-head/fonts/fontawesome-webfont.woff"},{"block_hashes":["7/ME6HLzR3x3QakwOb/dxridXEA+MzXSHhx5xOvs8YQ=","0ePu4O4dB/P0ejIIODuhd4hs26p+aleH/nZfobcMVuE=","ltgK4J+xtZbkGBem65xkG4QBJNJh5WNxSK8KjfkvJI0=","8jJ8T7xm5OprWdcyCIAJLhDYSeGINzay6TST4famsyU=","hB4X08OLYq25TCcWZuTsgewCpWuCiSvnYM46Almbe70=","OOpTU/Ve8H2L8EzjOv5J+jACwfSHyRjP9mj+DAP4TeY=","KvwAcbmQ0/xEzBotRpUBLXXqSx/iQ4T2kHKCnLCMvec=","mcZ5rqlwryptkCAW7IIP6YYwT+9tI1Dacyz/ASFaAvs=","V/Kjur/JHzWQFBMNPzHHoquTx8nvjy/aMzIkoKOLHes=","AJODIWfYiqdrM9iOa9hx3ByRCfOfSs9YiG02wismMe4=","sOHVGeSzPPcdM2iY4iYPWj9QisX0yK2rTbOOeYcAWVY=","Vk1U0F3jdCbzWZZIiHgu1W0DHxjRnoZGWxNDCJ5x50w=","GQzVQwWHerNY0jjPkep84NZE7fsWt9mj944m1KMIZRE=","myKbDnBTD2Otb1ypOc5aSWqHEVj5Gy2Nmf7L/nXgw/k=","9PwuV4ojrhK8JV41hQtVz0HW6IXXQpnLQhVHDtG7eec=","F4c8P0Sg0LQmvxRcMKrohOMv00kq7klYfAhTOQsimAo="],"block_size":4096,"path":"elasticsearch-head/fonts/FontAwesome.otf"},{"block_hashes":["3pCxEEVT6Nac8HJT65gsOaZWe3jorSUF5isgZUzH53k="],"block_size":4096,"path":"elasticsearch-head/i18n.js"},{"block_hashes":["AfeR55uUmq3ON+gl+GOOblxLCQ+CFq884X/Zt9uA9QQ="],"block_size":4096,"path":"elasticsearch-head/index.html"},{"block_hashes":["gn84zSACTegoP6f0oUYAe9r5Pl14k1KkJhaaebSTk3A=","+mvKF//o6dGVP6D9CrA81pL2RYVrD8ySP5wt5pOXB+s=","n31CatSnYo6zynq3nOgZpJIe0E+//F38KW098O/AeYc="],"block_size":4096,"path":"elasticsearch-head/lang/en_strings.js"},{"block_hashes":["EG6kzs/FfjSeZJeC2J9BUHWd0MMlqgNIB+VdvHBNdx8=","50uMKhlouo/afHApNJMWw8QF4xe4MBW4Ns9GFm2ODcE=","lEVV/yJa7xC6QNd+fBl7bUGB+RnFVvPHVlScH5ogPUI="],"block_size":4096,"path":"elasticsearch-head/lang/fr_strings.js"},{"block_hashes":["ByxRZyaYuLZBOPOtCRP1tHMxhNFO4Ox5EPKgUwfx6jQ=","8HBAiaC4p5a+YYGwzis18AWv5xrN6oY+tvVzXHMxoYQ=","bm6sFGhbfL3DwbcvBMG9WSrAvHplrLgc1BUF9XdKJW8="],"block_size":4096,"path":"elasticsearch-head/lang/ja_strings.js"},{"block_hashes":["ryeK+v9kt346gPqMePIhKeO5Ivj+P6nsxqMLBTYzAs0=","1YGQqmRKfROwfWSVvJJ859KqdyuQaUXgegb/h0jn/gk=","4YfTMMDDEbk/pTxc2UmEnH1aWI8vNrqAefB1XLeGdhw="],"block_size":4096,"path":"elasticsearch-head/lang/pt_strings.js"},{"block_hashes":["tVngYaQmOzy49tbZv+jqEdMRR3ScdgC95COleM5MX4g=","mBstz4QNVA5I+5lRvMd0eWfYSV6XbPVlhdGArIwKgGQ=","HfjoxjFi/SnppDS0SYe32xaodeGTGNIbvdJO94h0VdA="],"block_size":4096,"path":"elasticsearch-head/lang/tr_strings.js"},{"block_hashes":["jn/NlG94tNn/9BpoS+nwxxhX3fhGhypPA5WPkY2DvkU=","wyK1D0xUVV40v+0N8WnRASPJKRVSjnnoBmZdv5NUWYs=","DrpOtNxa6ikin6931MHNT8g9Gs5coCIqtlxOrubjnf4="],"block_size":4096,"path":"elasticsearch-head/lang/zh-TW_strings.js"},{"block_hashes":["8qYr8TDFd3VoTwz/DIq6D6lPBaxVxn9o9l0Ix/e32Jg=","R3bjUes/TE3XVUjjo9DptF/5962L7IXPVKu3XzawUEA=","UMDJ/f6YkCxP/TPfLV1MlEAR4rL8T+XEDSlAe+08Vj4="],"block_size":4096,"path":"elasticsearch-head/lang/zh_strings.js"},{"block_hashes":["c6Gpqo7WB15gsZ6lIZqaDcCWMTb1gu9XumLLPaS4m9s=","MCkT35DGjLXZImE/tP2BYDEr4duFPiEj95vAKPkVyZQ=","bfcASlA1zQ7H+8M5DyaCMtYW+705wp1wREwz29u7NcI=","dThz3faCnQ9LamM5sktRDy0GEY2kUvET4rDMmhWgSJk=","ZE79HYv98HE/kEzn1NFReTTH12neUbUW7cyCb3ujZNc=","zItZY9isn+oWPpdMOmY2dRtUtOpRcRUqUDM2ag2P0fM="],"block_size":4096,"path":"elasticsearch-head/vendor.css"},{"block_hashes":["mLAbrhknJC9qfLyTHCYMhDFOEK+GYgyx4oGQrDT6ztc=","fiWSSCzW37/gjwMTRCIuTEqNxn+fdaK8PZ6r8N/bmZ4=","AsKjmYrKu1izEOtYi4sLYDuqnBDWiX7YDsKgWy6oyzc=","Y8X2wKCn3GMgzLbfW3dfYHiHiv+gwrYUzEM10opslq0=","lJZLy4UHIty5G3xQKxWEZ5Y2LelKwrSNGKy043lrMe0=","+BkzJz2l/DcG5d99Qpgrh7d/br1voUKaVqJewWe3lSM=","K2+P4Z/iS6C/6uu/X6zQ/0rlJs3AfdaxmfLAkqsCnQs=","0AKP9S+JxsAvATMAUkwbK5MYevNhXdmBsGRNK37UAg8=","0+1UT9mvJhtMo21ojobxYmusLphXpZ1czQHPqEf6V7w=","SWjEvY68gTiwR8XK7o6LZGFD4qZ9m50efwlLZ1cR4ME=","QaJoZ6uPT9QCUz+qA3QzP2lEzanMsr3HwBWgqhsoTJA=","B0ITBy3pyLdv73T9rbj/ZRP3EmTHq5rJW0VxUXBqIZc=","P/RngQOmSMCzt789pSMsYwzb0lPHsVUS94UtJRaPQ/I=","UEoIAezbzWy7KbqxD/P9L2H8yWqoVHoT4By1F72uzZI=","nCRXF9oVV0V6OWjoVQAE6OcCm+OvsajOPgF/+Etc5+8=","djcQdQEKxgPllKBgcHBlDSdoOvkpFlg77Z3h1JFDBRo=","TZIiXNBr8Dr3Fwuyriu5a2J9DXTcaHMpw0kAm3WwaQ8=","BNQZQ6OOIGgHc3PhPBaJVcf80d0XpQuOlBebo5Dthxw=","9zOvTiIslV29ladAdNbvHCSpHXVggAthrLbKxbI4dJI=","XiObGGnXlUKmp4GT+/mbXdf36sjur3PfIjtei9YfBHo=","A6o2aVrbAxn7A98h6o+KsL/P6s322Y3Fr1yZDr4Be1A=","ch06eCZsNlZ49CJ7wlAxa8F1k9r70ZbqsGrNqVsZlLM=","Lpr0eOEi9LVCTET67H5BCBRZM8irc0bxy+YuHHVkYJA=","5RZan8W3YrT82kNw67LdIrCTAu3poQ/B6YsY3M0XH7A=","zZc9UBu7LUVmPxEiCMEUbdmbS8xzMRo59N8AUCwwVJg=","Ru5nzHIabIh2bdhtdZpFt4UBSRNXOdQE37pGSxarYko=","WDCrkb2Yu83pOm23/LHFt23Ls3s5V1s8SSazUL8uKQk=","/kcNjmBBpAmwUqen3rGmgrRVEAOCnnKl1kX7oDgecdE=","syXnS/ukp2sCKMThuf2SxjeXpPuJZ495p19uQoIXHBA=","Zswbtl5ovdG5Sh7vxvmGLEzAqLTVjmBeRdhwSUmfgRM=","/ilw+w2O0VzPqXBoHdbvJMJo1I5AIOsMgDyHrSO+wC8=","yb1wwl7CN2XbQ2D4kRheWrINy//ZjOXQ77zvCTHde40=","gZSOWygHFO7DaWO+bcpu7yjANvEtGNKwNSn3XLxBCOQ=","Ev9Rc7HSQAjkO81d/4zQI53N5VnRLdSnWANQNHBsiDM=","cevcWIi/p5Nu9+iTOwQurGjSHVukCbJ7vuqboXcjNM8=","iSWCaKH/hAYIXsaCTPnPwvYfPNxU/NyzzonpOBa/SIw=","EpG4OJNLItzMf7TvlapPLchV10VkF96bxRJphk1XQM4=","QWfLnIuaDT/Yf3rxlt6jjw8oxMYF/wC21lTJKhKH+6Q=","0yN8JlwYNbNi+BQkrfPQApbv4IEnygKdemk83fVlCDQ=","l2DuWXr8LX0kJI3yL2s6o48ePcr2gRlQ/E4DX3iJysk=","pkKHu0M3AQLx/Fe6z28IoNkSjje9qkoBCn+9oxmFe8g=","i9DLUwj+vsb71We/MwruBWffS5iywdu6GHvfrNQnZQk=","IFPSoEPA/NTMtnH9UkliTmFl4WWLuuBx/uHYb9pAko0=","URTDbE+rMkKUA8Azz6R0NPMFgm9vPLtEEdzgf6d2JH0=","OGLn5YVsbrk5pQZoWBm/6PaF/n3WL5PlqiQz7Y2lMxc=","s1smk+xrV5L0uk5YC3G7vs71LWHQrbfRRU0fBwOGMVQ=","aa+6HLvhYlH02lC9/tpkWibfrN2AcCa/d4i320Y6R+E=","j9ab5v5B5Y5XaTpB0ZH/zOB9H6/wVTmdyQoq/uGPdD8=","aT9noHH2nRI2vo+Ju19Q7hYYpZwKn2ApA3R1DPhHLe4=","VLK2n30Tu3pmUqRNb9AIjQUbX2cI+N8JAV8LUmUm5QQ=","VFnct2AraMsAG2JsR/QSVHT2o4auhTDFzCuxaEz+q9s=","T+o5v1jHq0wr9YemlgKnL7U+QqvVm2geJGQba1wR9z8=","yAdokgaxLXTp7kA/SMPEwqvVlbSVCYpqajTBaJt5aG0=","obFHmX7T7p4q2jUfdNJDL7S6G9mr2vHcWSQS6TDfSsU=","ZA4Mr/OxrYCB2g+V3BRRpWmHO0A7n6PTACAcvoKwJlA=","Q2DXuTdBe4i8JxJHj7Ue9bxI6X4LzSO2AwsZIsGmBHE=","H/z+TUYnRsvJMWiMaG2H/FcKCDmZA0cfIW+WjZB6tsw=","TPPgigs2BDLDG04mEsguwQtUOq+kW2GtNVi6rcjsA7g=","x7nAmxoSBQJfOVFCoG1gBjrMKQX/M5n1+OLH/iw1tUg=","b3kmA0zs9D/Cr+WbU7wUnwYy5qR2c9AFdrzmDs+EOnQ=","EgIGt/lqOOAr4rTWwyOpvw7AIjy9Xq07f8mCabfSRX4=","Etls3fSDm2iTW/ckYedHRJBFZaJmqHMt79yZu0ZFGAc=","wQnmkvrNJjoeXU2fpn/eeqZtNcWnoI0FcSLpej9NOX8=","vzNlMNR4/z9xrFadbUv8maCZhQtnxB0hm57JvGtplW0=","MK3Epw/dzzICbrP1JpiGGhTtWpckBMO2mVvYSbTFkQc=","LaJ+VnwCKEaaTyTHzG1v+9cQceQaAf45oDaAdFKctBo=","0jQ2//pHQdj1giAzah47WwuUox+aolQnYPG1uuxesFM=","57CH4fa84HQX77bPY3o5H4xaqH5IAz0+YFcJjjcjTws=","Npnfm7RRcVdVfPkz3E2KMLNKbWR5hlacIC4R1cju2To=","E6JLw8D3P+Z4avji8SYW8+rgFUGGlGA5vUburB70mRE=","sN/Ncm0rxR2dQXnvdwyoHgAIoAgG/Fb3UF9qie2U5ug=","sUbdgzQLAaVxu2bfW7RI/+P99vukv0tehtuHJWi61/8=","ymmPxMzj2kPr3Kx0/Jy0YmAXBZWhAbmZaj0hxLQ0mqQ=","ZIjNExuU/T7cTQuVop0v3cbpgUSJB86mV0r8Vh5auCg=","hLNl/ECg5q9c2gY3sQ4XapzuaW6Ge/lqWu3E7MQnWYM=","Vtj0ztjIfvvDLbv1GGxc0EwU8PR7O9BaqlZpR7GHCRw=","Os4uVvZAJuwCFM99uaG+HfCniswITyw75bY3odCV5d4=","FqdwxMNcxpCzqPZDVNt3+shs0JS78gwsDCf5d8hkd90=","pldXT0S9LxKrMHh4Sm77auFU94Ud9lTPDoeBO4VvWSE=","BebKCdmM80o3jQD0IvYhuelndNxkN8QWHXOQuSGDX/w=","RaCghKSFgfuwS7aatnMlFhf55Z4al1h97I8vIWkYKRs=","9G6BHqmwjmCYVqTg8QHlFa85OUcBKwMUzGWDjtjQMn4=","oKTfZQ9pd6ivouOP9tYUglUBSaNrzPBkWI84BtczjHg=","kikObWfAtT67sGUwL4+6qYHEoaX260YgwXwnae+UUxU=","d12hZz8bQLIk13ETqlDD4fkH4Ggkj9v//SVmfUjXz2E=","j0agFdh6BCiruz4w2N4GiGIqS52taxCQTE8wM+WdZVc=","vaca2fr1+VbVl2BQwNEqEJueCYIZ/W6yQwUQeakGts0=","IR+lto/1jmxomW8MEfqX/24f50U0MFUSspZ5j5SUf+Y=","S9zDuEE4CKW7XQm/5CaIpB3hq/H0iJvCNz7ryAchwx4=","++y4mI97A1EEIbYRZvggxEXfs5wpHgr5PvZ5jj1UXx0=","zeHLp3bZa0GQCWkqgCvEDG2DmOcqQ+Ebp1oK31xyY8k=","CMFO468NQHlv1/XUm33hMBwvhhL5awjVmld2DAysFiY=","1LNwDGZMUn2CQ5CuCTJEi2Jyz8VGvOWvDGCFJi7jww4=","OqcCK5m8VRaew6+fp85kM/OMGQssUu2oaDXSlQcYUOo=","Y/1/elrwxoyr0wXa+bm3VInpI2J4U0LSBsvMEjp93h4=","0Ni/JqVM3Dt0Vgps8Tq1AwUknXsW9U5LYedams2W0cs=","BPovJHzszbtEfX8qyI8WwV3PeTM3mKyExGFUnD8OvUM=","gcIA6ild0QtGCpq3ZzLWN/gl1FCCFOTqudtAV10g2EA=","CQb3BGAetZVH8L6RtsKr4bXGbHLHmlbWYCs6H1Kp88U=","6MsRGRfHll/c05+p1R0EYCa/8EEFoHtYS789JepyuEA=","mTQ0UQh/aJOsSWE8JFYro+eEzmLMc4YW+vHSIFd6XmQ=","VsGJfxP0bFVNKW/j6NXwasHIle4fl72ICx4qelCSMWE=","BUnXAHZs+O9vpRk47WSTPFtGwn2a3qzPn1fJjtXum6Y=","1oXQDE2owQEy2+0AhanMm1Oo4mquTi0suzMH45KXRbg=","msHfXgwvo2vfEPEkiJGd3iQLMIydX8KacZPMfXHmKuY=","3J0mXqa5PhVRlpc3e4pttRXV+43wso6WzfOdTyE9+MI=","n5ln7+y+rMQNcqLkT2CK9aPveFrBSOVajKPDj0Drhvw=","sARNEaV27A9EiKoqkNMabIbScEW4bLUmaXjONzWYags=","upGINTRboBCh8tOCqeqX+4FvwaY4GM8G6uZcHwcqlro=","9bOVmFEKQqZARPbZJQjAmrm7XVkK1uAHYATkjr8LQoo=","7e1yYbMwEJ9JG4/guVxMrwiVaTNgja4FIrUI0A2Y4C4=","9XnUAo+oy1PNqtwyvmB5B73hH/QQM/KVA+4KMq/v93Q=","IKLkZXcaZVmol0pgV29h05Gy6CnB7Vt7PUMqkKcCllE=","WtUkAOIOSR1q+8bT6N+qeMT8o33qNCweKdz0xUOwtL4=","N4Oc9vbOZ8yEVMsa63JRooCfbxJfOPSP56w/5M2LawA=","y2FWUGYM0LVyRJ9irhR58rTieJESsKFxf4dwNtvKkaQ="],"block_size":4096,"path":"elasticsearch-head/vendor.js"},{"block_hashes":["fRHr/DvTc1eviJY/rAXo2kiY3+wyDzHlaA1YwpCy/8k="],"block_size":4096,"path":"Readme.md"},{"block_hashes":["d2B3E7tp1+vy/Lfxgh0t95nPipIAAvFFyS+ojx57Xm4="],"block_size":4096,"path":"src/background.js"}],"version":2}